common vocabulary size  ,distance_between_users,user1,user2
502,0.013951931,59775972,62431316
554,0.195036124,3105386,3588387
584,0.2965892,24051675,53564354
660,0.545871712,787615,799305
676,0.55495828,3588387,4387811
651,0.561306793,13017201,61197531
683,0.566852198,3105386,4387811
683,0.574166891,2706684,2721657
690,0.615000568,799305,1711318
693,0.617856701,1184397,1711318
694,0.630104092,799305,1184397
689,0.630327863,787615,1184397
693,0.631124752,787615,1711318
705,0.635078491,21393536,25362190
704,0.645330577,787615,14415072
714,0.646037737,133226,1184397
715,0.647524092,1497561,25362190
698,0.648787868,1184397,1218609
717,0.654072338,1184397,1272651
714,0.655771948,144230,799305
699,0.656226716,902933,1218609
718,0.656286915,227353,1184397
707,0.657031973,13017201,27559289
707,0.6588084,1140297,1218609
707,0.659249998,90175,787615
715,0.661325169,20440192,25362190
715,0.661504291,144230,1184397
710,0.661777544,4783913,25362190
707,0.662192432,144230,787615
718,0.662343273,257024,799305
699,0.66252141,787615,1218609
706,0.662842906,1218609,1711318
719,0.663224649,2483880,25362190
710,0.663951469,799305,14415072
723,0.664078483,454303,1711318
719,0.664562019,7782049,25362190
726,0.664685944,1497561,21393536
726,0.664745002,27559289,61197531
727,0.665797556,1272651,1711318
710,0.66646845,724166,799305
707,0.666657369,172656,787615
713,0.666766988,133226,787615
721,0.666827473,902933,23930092
717,0.667242274,133226,799305
706,0.667377997,724166,787615
718,0.667695353,227353,799305
720,0.668365237,454303,799305
709,0.668674637,799305,1218609
715,0.670093883,90175,799305
730,0.670948492,158337,25362190
715,0.671092986,902933,1339206
724,0.67109966,1531518,25362190
706,0.671125082,1218609,1339206
721,0.671168328,902933,1711318
725,0.671684661,144230,1711318
717,0.672503832,787615,1272651
714,0.672722715,172656,1184397
730,0.673163754,257024,1711318
718,0.673294693,172656,799305
720,0.67356677,90175,1711318
729,0.674102535,20440192,21393536
727,0.674307211,799305,1272651
745,0.674360046,964315,995327
728,0.674434301,23930092,25362190
723,0.675281923,454303,787615
718,0.675316868,902933,25362190
726,0.675928545,1497561,8183133
719,0.67606042,724166,1184397
723,0.676111013,177831,25362190
731,0.676442938,1531518,21393536
733,0.676454831,1497561,23930092
717,0.676511729,1140297,25362190
719,0.677025002,1218609,1272651
725,0.677084502,5030467,25362190
734,0.677684944,390025,21393536
735,0.67807615,13017201,28164074
717,0.678103136,285606,1711318
722,0.678159769,1218609,1568320
723,0.678689254,108019,1218609
714,0.6790245,238543,1218609
720,0.679081848,8183133,25362190
716,0.679161621,1711318,14415072
725,0.679417074,257024,787615
718,0.680063818,1184397,14415072
711,0.680594353,724166,1218609
722,0.680702794,799305,1940900
728,0.680780399,902933,2535732
725,0.681699134,172656,1711318
725,0.682433419,15110667,25362190
725,0.682496494,902933,1184397
736,0.682600317,10124982,21393536
734,0.682616176,14080464,25362190
725,0.682657271,20645879,25362190
713,0.682802665,90175,1218609
736,0.683153263,22917429,25362190
724,0.683267583,1140297,8183133
730,0.683782685,787615,9114042
721,0.68382228,724166,1711318
727,0.684080141,133226,1711318
717,0.68449563,902933,1140297
750,0.684578339,27559289,28164074
729,0.685527546,1218609,1497561
730,0.685652181,1218609,2535732
736,0.685848381,19378289,23930092
727,0.686381281,1339206,1711318
730,0.686386747,19378289,25362190
732,0.686551949,177831,902933
715,0.686569241,1218609,25362190
727,0.686663304,227353,1711318
735,0.686798372,90175,144230
754,0.686818941,1160611,1758727
729,0.687273974,533966,25362190
720,0.687618771,1218609,14415072
730,0.687734412,25362190,26281817
727,0.687852364,1339206,25362190
728,0.688180072,19676866,25362190
728,0.688396769,799305,9114042
719,0.688901604,227353,787615
731,0.689429378,1711318,2570699
733,0.689569614,257024,1184397
719,0.689612375,90175,724166
731,0.689862833,2517538,25837689
726,0.690004301,799305,902933
733,0.690009302,902933,1497561
719,0.690285973,285606,799305
730,0.690411988,133226,1218609
724,0.690576205,787615,902933
727,0.690822485,352610,1711318
722,0.691123245,90175,1184397
736,0.691294378,108019,1339206
743,0.691402636,1497561,1531518
727,0.691638555,1218609,19378289
724,0.691641775,90175,902933
731,0.692205354,1184397,1339206
742,0.692266634,177831,1497561
738,0.69226887,770063,25362190
723,0.692344663,787615,1940900
740,0.692835726,1497561,2535732
731,0.692873022,902933,21393536
727,0.693044716,1140297,1497561
739,0.693190833,133226,227353
741,0.6932382,177831,19378289
739,0.693239483,133226,14415072
733,0.693753265,8183133,21393536
729,0.693923947,2535732,25362190
748,0.694544886,20645879,21393536
723,0.694701644,285606,1184397
730,0.694739557,799305,1339206
741,0.694753591,534017,1531518
738,0.694942088,1339206,1497561
733,0.695057766,177831,21393536
717,0.695123812,285606,787615
738,0.695546415,352610,787615
727,0.69576196,1140297,1339206
734,0.696138506,1184397,2570699
745,0.696161684,3761568,8183133
714,0.696260286,1218609,1940900
738,0.696361687,1497561,1711318
732,0.696384277,724166,902933
736,0.696416714,4277036,21393536
745,0.696527773,188019,1184397
741,0.696634775,133226,1272651
736,0.697035764,534017,25362190
734,0.697222613,902933,19378289
745,0.697888417,1184397,2669471
744,0.698361572,108019,902933
729,0.698372345,308075,799305
744,0.69842933,902933,1531518
741,0.698509633,208354,687678
728,0.698735786,188019,1218609
752,0.698773106,770063,21393536
737,0.69884447,1711318,9114042
745,0.698847302,1140297,2328351
731,0.698930615,10355638,25362190
738,0.698971348,672266,25362190
739,0.698997578,1531518,10124982
732,0.699202596,724166,1339206
736,0.699205775,390025,902933
742,0.699294207,1497561,19378289
743,0.699344446,177831,1531518
728,0.699659933,1711318,1940900
733,0.699790231,308075,1711318
736,0.699972705,352610,1184397
735,0.700496691,876454,1711318
735,0.700500666,90175,1339206
750,0.700691666,228092,672266
737,0.700776631,2535732,8183133
725,0.700925062,787615,1339206
728,0.701542922,1218609,23930092
739,0.701933104,1140297,19378289
725,0.701960984,1218609,1330950
723,0.702422617,144230,1218609
740,0.702556251,1218609,1849426
737,0.702631763,10733167,25362190
747,0.702697691,3761568,25362190
745,0.702716732,1497561,15110667
741,0.702824061,660478,25362190
737,0.702893941,144230,285606
741,0.703003671,108019,787615
741,0.703016427,188019,1711318
732,0.703107348,1140297,2535732
735,0.703243139,1339206,23930092
750,0.703348901,1531518,2535732
736,0.70344272,108019,25362190
736,0.703834016,1184397,1330950
751,0.704088241,1497561,3761568
737,0.704101086,144230,1272651
745,0.70445158,902933,1272651
733,0.704470943,1293233,2095936
734,0.704615317,454303,1184397
736,0.704791522,902933,8183133
744,0.704943535,390025,10124982
741,0.704964888,15110667,21393536
743,0.704976443,108019,1184397
739,0.705399518,787615,1553624
733,0.705573159,1339206,1940900
746,0.705635253,660478,21393536
742,0.705769579,177831,23930092
732,0.705967051,902933,951968
745,0.706044434,188019,799305
743,0.706072192,177831,687678
739,0.706294332,4277036,25362190
757,0.706377832,1272651,1497561
751,0.706660389,108019,23930092
741,0.706765691,1339206,8183133
742,0.70710707,1339206,2535732
743,0.707380049,133226,257024
746,0.707389445,1497561,2328351
739,0.707511238,90175,1140297
735,0.707672475,724166,14415072
754,0.707817156,902933,2622260
751,0.707934257,4783913,14080464
745,0.708162334,390025,1531518
752,0.708253043,5812180,19378289
734,0.708402813,1140297,1711318
733,0.708459802,352610,799305
749,0.708499193,14080464,21393536
734,0.708519837,799305,1568320
741,0.708540097,82917,1711318
739,0.708798215,5875196,25362190
750,0.708800501,534017,21393536
744,0.70881036,170212,799305
744,0.709033051,2328351,2535732
737,0.709218637,1218609,1531518
730,0.709336017,10124982,25362190
740,0.709374333,1711318,23930092
747,0.70941757,1272651,1339206
751,0.709474837,4294732,25362190
733,0.709498924,144230,227353
748,0.709637554,25362190,55389482
730,0.709661079,90175,14415072
740,0.709689629,133226,144230
743,0.709832382,799305,1553624
752,0.709865698,672266,44588015
741,0.70999362,144230,14415072
741,0.710014756,172656,1272651
746,0.710051213,390025,1497561
747,0.710103241,2535732,21393536
735,0.710147599,1184397,1568320
733,0.710355401,1218609,8183133
736,0.710364587,238543,1339206
740,0.710669932,2328351,25362190
744,0.710749494,453751,25362190
744,0.710794376,90175,188019
748,0.710807973,390025,534017
740,0.710864364,188019,787615
752,0.710962412,308075,1140297
743,0.711132556,133226,172656
746,0.711321248,2535732,23930092
747,0.711375733,15161948,21393536
747,0.711395761,4783913,21393536
754,0.711451474,7782049,10733167
742,0.711565197,90175,227353
755,0.711772688,7782049,21393536
736,0.711851339,1568320,1711318
753,0.711892074,1330950,14415072
754,0.711910668,902933,1030683
744,0.711915429,1497561,20440192
736,0.711944009,227353,1218609
738,0.712122131,8183133,10124982
747,0.712123666,5812180,25362190
737,0.712135985,25362190,58715250
744,0.712262046,724166,1272651
750,0.712345161,144230,257024
749,0.712464406,2535732,19378289
742,0.712737339,144230,1339206
732,0.713030116,951968,1711318
745,0.713047842,1184397,1553624
744,0.713066645,10355638,21393536
734,0.713295239,17949966,25362190
744,0.713399032,639256,25362190
759,0.713406786,271979,2535732
752,0.713434918,453751,2535732
741,0.713703126,90175,1568320
746,0.713857081,257024,14415072
753,0.713876447,770063,1531518
749,0.713890546,1140297,1531518
744,0.713912642,1272651,14415072
752,0.713946471,534017,1497561
747,0.714161007,177831,20440192
754,0.714172055,660478,8183133
734,0.714182845,787615,1330950
744,0.714221349,4783913,20440192
735,0.714280217,25362190,54203621
747,0.714288409,2328351,8183133
739,0.714470853,876021,1711318
747,0.714532669,108019,1140297
747,0.714622737,1140297,3761568
740,0.714629257,4861019,25362190
747,0.714672235,1339206,1847105
755,0.714745663,275445,672266
755,0.714769221,21393536,26281817
752,0.714928848,2328351,19378289
748,0.715011486,1030683,1218609
750,0.715056042,257024,724166
753,0.715267077,1497561,15161948
749,0.715367536,144230,188019
739,0.715498479,902933,1568320
742,0.715545249,238543,1184397
754,0.715562962,1531518,15110667
758,0.71558902,21393536,58715250
757,0.715645861,108019,19378289
743,0.715707707,15161948,25362190
753,0.715708403,10411973,25362190
750,0.715745136,1218609,1847105
750,0.715819984,108019,1711318
738,0.715905305,170212,787615
758,0.715932038,1497561,4294732
734,0.715962278,1218609,21393536
755,0.716128745,7782049,26281817
752,0.716239735,108019,2535732
752,0.716312407,177831,208354
748,0.716462443,188019,14415072
757,0.716605692,1531518,15161948
747,0.716621966,799305,1160611
745,0.716704063,687678,25362190
741,0.716725509,144230,172656
748,0.716789893,170212,1184397
750,0.71706694,1339206,2622260
754,0.717100008,108019,1497561
743,0.717113539,1218609,2910379
743,0.717201802,90175,1272651
756,0.717310785,257024,454303
741,0.717376878,1140297,20440192
749,0.717391705,133226,454303
747,0.717440962,16927896,25362190
740,0.71748687,807416,25362190
744,0.717580649,902933,1330950
760,0.717604898,4783913,7782049
748,0.717691557,1851043,21393536
749,0.717709949,10355638,15110667
727,0.717737142,951968,1218609
756,0.718034279,90175,1030683
753,0.718081974,1339206,1531518
752,0.718124431,1667307,1711318
731,0.718412369,1711318,25362190
745,0.718522945,787615,2078581
739,0.718556514,352610,1218609
747,0.718570835,179656,1218609
748,0.718612999,390025,2535732
757,0.718618664,352610,1272651
747,0.71867437,1184397,1497561
755,0.718684569,1531518,2483880
755,0.718691876,177831,5812180
749,0.718715178,1940900,14415072
744,0.718726001,1218609,2570699
749,0.718739358,352610,14415072
748,0.718749333,799305,20174125
740,0.718806303,454303,1218609
755,0.718844189,3761568,23930092
755,0.718860283,534017,2535732
747,0.718891921,1039457,1711318
749,0.71895901,177831,390025
737,0.718981046,144230,724166
743,0.718982947,227353,14415072
747,0.719024336,352610,1339206
749,0.719060893,21393536,23930092
752,0.719275763,1339206,2910379
757,0.719276062,2483880,4783913
744,0.719276989,227353,285606
743,0.719317199,15110667,20440192
760,0.719347194,660478,1497561
734,0.719395905,238543,1711318
752,0.719412581,902933,14415072
745,0.719474988,1330950,1711318
760,0.719506699,271979,25362190
747,0.719542797,453751,902933
741,0.719616521,133226,724166
738,0.71965947,308075,787615
758,0.719678956,770063,20440192
753,0.719701548,108019,799305
752,0.719758581,227353,352610
743,0.719784183,90175,876454
747,0.719864958,20411819,25362190
751,0.719885173,19378289,21393536
742,0.719964027,285606,14415072
755,0.719996186,351247,1140297
753,0.720184356,257024,1272651
740,0.720255576,308075,1184397
760,0.720371934,1531518,7782049
741,0.720489518,964315,1339206
742,0.720584583,1140297,10355638
748,0.720595691,308075,352610
757,0.720597842,1531518,8183133
744,0.720669776,90175,133226
746,0.720676534,1140297,1240511
761,0.720735734,1240511,2535732
753,0.720764665,902933,1847105
759,0.72077589,133226,1330950
766,0.720864776,449021,2898520
737,0.720989221,1184397,1940900
757,0.721073592,1339206,1367483
758,0.721079119,5900916,26281817
757,0.721324113,170212,1711318
751,0.721355957,108019,724166
752,0.72139341,1531518,20440192
759,0.721446377,672266,2634407
736,0.721448544,951968,1184397
748,0.72159649,208354,1218609
746,0.721638721,799305,2078581
760,0.721676934,177831,7782049
753,0.721725735,227353,257024
734,0.721784494,308075,1218609
748,0.721788417,1330950,1568320
749,0.721841238,687678,902933
764,0.721891473,2535732,4294732
735,0.721891767,1140297,21393536
737,0.721915193,172656,724166
756,0.721992157,534017,10355638
757,0.722040272,4783913,19676866
745,0.722132817,2193077,25362190
735,0.722171349,724166,951968
753,0.722223484,90175,2570699
734,0.722327601,238543,787615
753,0.722370655,2256899,25362190
749,0.722374967,24438541,25362190
742,0.722469768,122747,1184397
759,0.722559706,1502843,21393536
732,0.722600323,23853088,25362190
747,0.722602458,308075,1339206
758,0.72262282,6442183,25362190
755,0.722707125,177831,1339206
753,0.722748992,787615,2647782
736,0.722764107,285606,1218609
763,0.722799157,660478,15161948
746,0.722826976,1851043,25362190
748,0.722835576,1218609,3327254
747,0.722839995,81109,1184397
755,0.722862282,6271558,25362190
758,0.722884081,454303,1272651
748,0.722959238,275445,25362190
752,0.722972248,453751,1497561
752,0.723006817,1531518,19378289
741,0.723106389,724166,1568320
733,0.723200332,172656,1218609
738,0.723265332,25362190,30274890
731,0.7232843,876454,1218609
753,0.723285114,208354,21393536
755,0.723368749,1160611,1711318
749,0.723400374,1083527,1218609
746,0.723403408,8183133,19378289
748,0.723593378,227353,1940900
750,0.723613842,208354,390025
734,0.723649059,90175,1940900
745,0.723667919,1339206,14415072
754,0.723693336,534017,10124982
757,0.723705021,534017,1140297
761,0.723705074,14080464,15110667
745,0.723715084,799305,2570699
762,0.723779643,271979,8183133
749,0.723832497,1553624,1711318
762,0.723896691,3327254,8183133
762,0.723907005,533966,21393536
759,0.724013667,4861019,10355638
751,0.724042002,1140297,1568320
746,0.724073409,17949966,21393536
736,0.724085566,876021,1218609
733,0.724116486,2859500,25362190
770,0.724127205,239058,672266
735,0.724131519,238543,799305
759,0.72433191,1497561,8478404
739,0.724419298,172656,14415072
753,0.724431558,390025,20440192
760,0.72444282,19676866,21393536
753,0.724502103,8183133,15161948
738,0.724510286,1218609,2328351
752,0.724513755,188019,1339206
764,0.724615917,108019,1531518
757,0.724640315,1531518,10355638
746,0.724713372,787615,20174125
753,0.724720839,1339206,2328351
751,0.724813,787615,1160611
754,0.724827514,177831,2535732
753,0.724828035,902933,3761568
745,0.724856655,81109,1711318
761,0.725013386,1240511,1497561
750,0.725051672,1184397,2535732
757,0.725139171,1339206,1849426
742,0.725206367,787615,1140297
752,0.725252608,1497561,17949966
735,0.725290577,90175,172656
742,0.725326262,1330950,1940900
762,0.725349388,1497561,16927896
750,0.725410961,787615,19378289
751,0.725474925,902933,1347669
756,0.72549517,379353,390025
762,0.725501365,507200,25362190
754,0.725641026,227353,1272651
754,0.725717867,1184397,2078581
759,0.72574858,1272651,1568320
743,0.725749586,172656,227353
771,0.725762806,1531518,4294732
745,0.725811129,1711318,2535732
751,0.72584152,10355638,17949966
757,0.72590179,1240511,2328351
745,0.72594074,390025,25362190
760,0.726017374,214643,25362190
738,0.726039951,238543,902933
758,0.726070885,453751,21393536
755,0.726088202,90175,257024
750,0.726119467,19676866,20440192
752,0.726123195,681758,1184397
750,0.726123914,2193077,21393536
757,0.726174771,534017,660478
756,0.726223963,9663,787615
750,0.726289703,1218609,1347669
750,0.726294369,144230,902933
757,0.726316056,1711318,1847105
746,0.726327476,724166,23930092
754,0.726338308,1140297,2193077
754,0.726372676,90175,108019
750,0.726406666,208354,902933
745,0.726418721,787615,876021
750,0.726437222,5900916,25362190
765,0.72645137,271979,1497561
758,0.726458907,1140297,4294732
758,0.72649856,177831,534017
761,0.726541501,479681,1711318
750,0.726576201,352610,902933
746,0.726598198,1184397,9114042
761,0.72676772,170212,454303
746,0.726842701,82917,787615
752,0.726905059,21393536,24438541
751,0.7269087,1184397,23930092
736,0.727010048,787615,1568320
737,0.727052087,238543,724166
751,0.72718835,172656,454303
767,0.727260126,1568320,1849426
761,0.727361149,7782049,8183133
756,0.727368443,1659137,25362190
757,0.727511105,1497561,10355638
748,0.72752204,257024,1218609
749,0.727609871,799305,876454
761,0.727650976,179656,902933
758,0.727708008,1140297,15161948
750,0.727725421,144230,1140297
747,0.727762534,1339206,21393536
745,0.727770609,799305,1140297
757,0.727796885,144230,454303
759,0.727839523,158337,177831
747,0.727854578,8183133,23930092
763,0.727909313,158337,4783913
755,0.727941955,390025,2328351
763,0.728066952,2256899,21393536
756,0.728071458,7782049,10124982
763,0.728074224,10355638,16927896
735,0.728081953,25362190,44588015
746,0.728260206,133226,285606
756,0.728287229,10124982,10355638
763,0.728362905,902933,3948010
756,0.728380984,1140297,16927896
757,0.728430149,676300,21393536
757,0.728445283,177831,4783913
749,0.72847837,902933,2193077
745,0.728494825,177831,1140297
765,0.728633492,10733167,21393536
760,0.728658026,1339206,3327254
765,0.728693195,4783913,20645879
757,0.728813705,15110667,26281817
753,0.728940019,1184397,19378289
747,0.728988434,10355638,20440192
753,0.728998623,1330950,23930092
738,0.729068132,1184397,25362190
762,0.72907386,687678,21393536
761,0.729117062,1497561,26281817
762,0.729166283,271979,902933
761,0.729238981,179656,1711318
770,0.729245718,1531518,2256899
759,0.729250281,158337,2483880
754,0.729271103,902933,1849426
762,0.729370225,902933,1083527
735,0.729448544,902933,1940900
763,0.729449539,902933,4294732
740,0.729462818,951968,1339206
751,0.729465162,1339206,19378289
740,0.729465664,1140297,23930092
767,0.729486186,533966,687678
760,0.729525723,660478,2535732
763,0.729534979,7782049,14080464
760,0.729726772,2193077,10355638
748,0.729744457,724166,876021
759,0.729748057,188019,1272651
752,0.72981129,687678,1497561
755,0.729842761,352610,724166
751,0.729899628,1330950,25362190
746,0.729990267,902933,20440192
767,0.729993305,179656,1184397
744,0.730012181,1032287,1711318
757,0.730043804,351247,902933
754,0.730134808,2483880,7782049
753,0.730150654,1339206,1568320
745,0.730254654,90175,285606
754,0.730268304,453751,19378289
764,0.730274874,1272651,1330950
765,0.730346685,10355638,14080464
769,0.730416735,179656,188019
762,0.730445978,7782049,19676866
750,0.730666285,208354,25362190
757,0.730678435,1711318,2078581
744,0.730727183,1140297,10124982
758,0.730789701,1711318,19378289
763,0.730798029,390025,10355638
748,0.730805379,1140297,15110667
755,0.730826783,188019,902933
747,0.730829735,951968,25362190
752,0.730881342,1497561,10124982
750,0.730913255,787615,1039457
760,0.730914468,108019,21393536
758,0.731003372,899125,14415072
760,0.731063758,453751,1339206
752,0.731063831,902933,1036997
756,0.731091642,177831,1711318
739,0.731097174,787615,25362190
764,0.731100335,453751,1531518
764,0.731109399,177831,1580268
754,0.731121289,17949966,19378289
741,0.731181752,81109,1218609
740,0.731212592,528773,1218609
761,0.731263279,390025,453751
752,0.731274161,1330950,1339206
760,0.731385222,1240511,25362190
754,0.731427191,2328351,20440192
758,0.73143242,158337,21393536
757,0.731508922,534017,902933
761,0.731518076,144230,876454
773,0.731541231,28164074,61197531
765,0.731566391,687678,1347669
762,0.731576264,5030467,7782049
756,0.731577038,9663,799305
762,0.731589945,390025,7782049
762,0.731592527,170212,257024
757,0.731690593,1218609,2669471
761,0.731695548,1339206,3761568
759,0.731815314,177831,15110667
762,0.731889055,534017,15110667
744,0.731944867,902933,10124982
770,0.731999005,4294732,19378289
746,0.732000462,787615,23930092
757,0.732001229,1711318,2647782
755,0.732042147,951968,2570699
753,0.73206811,799305,2647782
762,0.732144733,2086964,25362190
763,0.732187167,902933,3327254
762,0.732342766,1083527,25362190
764,0.732350279,10411973,21393536
744,0.732353524,20091576,25362190
759,0.732408803,208354,1497561
749,0.732458784,1218609,15161948
757,0.73247084,2483880,20440192
741,0.732542303,238543,951968
760,0.73254241,271979,1339206
757,0.732632154,19378289,20440192
764,0.73266645,1497561,3327254
760,0.732679115,1698056,25362190
760,0.73268214,876454,1339206
760,0.732749841,1030683,1339206
761,0.732810083,108019,144230
773,0.732823736,210298,1531518
742,0.732838828,1218609,2622260
750,0.732892118,902933,2328351
760,0.732921069,747081,1184397
748,0.732921521,144230,1940900
762,0.732954708,453751,2328351
753,0.732961764,82917,1339206
766,0.732975703,108019,177831
757,0.732986128,188019,1330950
761,0.733014672,1497561,24131668
761,0.733040624,1497561,5070783
753,0.733110904,285606,9114042
755,0.733112758,1240511,8183133
762,0.733126412,1497561,7782049
759,0.7331512,7782049,15110667
752,0.733211293,5875196,21393536
757,0.733229784,1711318,1731373
763,0.733259188,660478,1531518
758,0.733294034,1140297,1849426
767,0.733314752,4294732,21393536
747,0.733377333,11635970,25362190
757,0.733464044,227353,454303
760,0.733475495,379353,21393536
760,0.733523928,799305,1262049
760,0.733560861,16927896,21393536
760,0.733567662,2535732,15161948
750,0.733599255,82917,799305
766,0.733614517,1711318,1849426
759,0.733630953,423733,25362190
763,0.733633046,1140297,14080464
760,0.733651943,1568320,2535732
750,0.733680434,799305,1330950
750,0.733689479,285606,1940900
760,0.733706701,1140297,2483880
755,0.733713659,238598,1184397
750,0.733734681,799305,1032287
752,0.733773946,964315,1140297
756,0.733779,902933,2570699
760,0.733806828,1140297,5070783
772,0.733836763,2535732,3327254
775,0.733867098,1497561,1849426
763,0.733888155,227353,2570699
761,0.733926675,1531518,2328351
760,0.733951219,25362190,25701203
749,0.733962417,1218609,3761568
768,0.733975109,108019,2622260
754,0.733993917,172656,257024
769,0.734000868,158337,7782049
758,0.734053214,2859500,10733167
762,0.734081085,257024,352610
752,0.73410163,747081,799305
749,0.73411957,188019,724166
760,0.734141726,330543,1711318
761,0.734143638,1140297,8478404
769,0.734163771,770063,2535732
758,0.734179683,4783913,10355638
758,0.73420087,902933,15161948
752,0.734229277,238598,799305
754,0.734313596,208354,10124982
773,0.734327015,770063,10355638
756,0.734327367,285606,1272651
743,0.73434078,453751,1140297
753,0.734362007,238598,1711318
752,0.734374835,681758,787615
751,0.73439378,390025,1218609
758,0.734403729,687678,1531518
753,0.734410242,1218609,1553624
757,0.734440621,81109,285606
743,0.734538557,724166,1140297
751,0.734541904,177831,8183133
763,0.734616387,177831,379353
751,0.734687903,238543,308075
763,0.734693246,10355638,15161948
740,0.734769559,687678,1218609
759,0.734838978,534017,8183133
750,0.734858778,188019,1940900
755,0.734887246,1711318,2622260
776,0.734918667,19005144,23655320
767,0.734927089,108019,1272651
748,0.734945298,238543,1140297
751,0.734979473,1104183,25362190
752,0.734983924,534017,1218609
763,0.735011604,308075,9114042
764,0.735020121,4294732,8183133
760,0.735050969,1218609,1240511
767,0.735087994,1497561,5812180
763,0.735089644,1497561,14080464
762,0.735116085,787615,1731373
760,0.735157541,876454,1568320
764,0.735165796,902933,1580268
766,0.735195764,257024,902933
759,0.735271371,133226,902933
756,0.735274461,90175,454303
742,0.735312143,177831,1218609
763,0.735352658,170212,285606
764,0.735380922,177831,1851043
760,0.735413039,8478404,25362190
757,0.735493605,144230,1568320
758,0.735516727,902933,4783913
758,0.735518367,1580268,21393536
769,0.735543606,10733167,26281817
762,0.73555432,177831,453751
761,0.735577491,108019,238543
755,0.735597402,2859500,20440192
768,0.735616375,1030683,1184397
753,0.735654493,238543,1272651
750,0.735729156,25362190,58589487
741,0.735815114,799305,25362190
758,0.735821235,1218609,24131668
746,0.735833867,1793390,25362190
768,0.735880782,454303,1160611
757,0.735895604,285606,1339206
767,0.73591219,2535732,7782049
765,0.735918269,1030683,1711318
755,0.735968067,90175,2535732
767,0.735970215,158337,390025
751,0.735973616,208354,1140297
759,0.735984836,3761568,21393536
746,0.736045465,787615,876454
756,0.736057024,10124982,15161948
755,0.73608324,351219,1339206
767,0.73611159,770063,2193077
771,0.736123779,1240511,1531518
760,0.736142511,2483880,15110667
780,0.736143392,2898520,5291991
754,0.736145176,82917,1184397
755,0.736150947,1339206,14144479
774,0.736250267,1272651,1849426
759,0.736281375,144230,9114042
762,0.736294741,1184397,1731373
740,0.736301373,90175,238543
752,0.73630953,360832,1140297
756,0.736310275,534017,20440192
747,0.736311753,172656,902933
767,0.736332247,2483880,14080464
751,0.73634393,24131668,25362190
777,0.736399762,3223254,5291991
755,0.736461935,681758,1711318
755,0.73646804,352610,1140297
771,0.736489813,1030683,1497561
752,0.736493293,724166,876454
755,0.736517219,352610,876021
761,0.736534016,902933,7782049
752,0.736548273,81109,144230
770,0.736661745,170212,1160611
760,0.736671853,90175,1849426
759,0.736688571,799305,1667307
760,0.736715184,9663,1711318
752,0.736719062,876454,1184397
752,0.73672664,308075,14415072
758,0.73673928,748856,21393536
769,0.73675001,177831,1831746
773,0.736767089,770063,15161948
764,0.736804225,863508,25362190
754,0.736850113,177831,20645879
761,0.73689618,902933,2910379
757,0.736910972,82917,90175
738,0.736928252,90175,951968
773,0.73699102,14080464,15161948
769,0.736992741,1083527,1497561
749,0.7370262,227353,724166
759,0.7370481,1711318,20174125
766,0.737063121,14080464,20645879
759,0.737086104,2483880,21393536
754,0.737145023,676300,25362190
755,0.737149668,177831,2328351
757,0.737192735,1435717,25362190
767,0.737375676,1531518,16927896
758,0.737378263,2094131,25362190
763,0.737396197,1531518,2193077
747,0.737397893,1218609,1367483
765,0.737437119,1731373,14415072
763,0.737464749,1531518,23930092
766,0.737491806,534017,14080464
745,0.737524959,8183133,20440192
750,0.737545447,787615,2570699
767,0.73755357,534017,15161948
758,0.737585286,2198340,25362190
767,0.737612904,1497561,1580268
757,0.737631766,17141012,21293231
766,0.737648605,133226,188019
763,0.737656512,4733911,25362190
768,0.737680923,8183133,16927896
764,0.737713485,902933,1240511
761,0.737743787,2535732,20440192
771,0.737744374,14080464,19378289
764,0.737756938,687678,8478404
767,0.737770072,1272651,23930092
758,0.737780766,285606,352610
781,0.737801474,449021,937743
760,0.737821206,90175,2910379
761,0.73785009,4783913,15110667
751,0.737870786,747081,787615
761,0.737882567,21393536,54203621
748,0.737888079,227353,902933
764,0.737998987,1711318,2910379
765,0.738065227,177831,770063
756,0.738074725,1272651,25362190
764,0.738076698,1272651,2570699
765,0.738179943,1531518,1711318
767,0.738204526,257024,1339206
756,0.738249523,285606,454303
749,0.738280007,15884207,25362190
758,0.738367786,208354,24131668
758,0.738463326,687678,19378289
771,0.738491268,5875196,7782049
770,0.73849351,188019,2535732
767,0.738517472,271979,21393536
759,0.738532919,453751,8183133
754,0.738566902,177831,787615
755,0.738669273,687678,8183133
752,0.738702483,10124982,15110667
775,0.738712853,507200,8183133
756,0.738718799,4861019,21393536
755,0.738768597,1140297,14144479
755,0.738804933,90175,1497561
755,0.738840344,6845307,25362190
757,0.738849481,133226,170212
762,0.738852537,119012,1711318
767,0.738869454,534017,7782049
751,0.738874965,16400180,25362190
756,0.738879383,390025,8183133
750,0.738892118,1032287,1184397
775,0.739005888,1531518,14080464
772,0.739033383,2256899,8183133
759,0.739041353,631791,25362190
756,0.739042481,901472,1497561
756,0.739068373,238543,1568320
742,0.739089795,1940900,25362190
772,0.739135978,2193077,4294732
747,0.739171752,724166,1940900
759,0.739194864,238543,352610
760,0.739196543,1964181,25362190
769,0.73928546,15161948,16927896
760,0.739301929,1831746,25362190
762,0.739316362,787615,1262049
772,0.739338352,770063,1497561
754,0.739349469,901472,21393536
757,0.739374945,1140297,3327254
748,0.739385095,285606,724166
752,0.73944131,352610,951968
760,0.739459457,285606,2570699
765,0.739473926,208354,1531518
770,0.739485579,15110667,15161948
769,0.739527526,672266,18087575
762,0.739555264,271979,1218609
758,0.739589728,724166,2535732
761,0.739688113,5070783,25362190
773,0.73974764,671675,25362190
766,0.739771008,351247,1339206
746,0.739772578,379353,25362190
759,0.73978856,177831,287415
762,0.739792154,1339206,4294732
768,0.739811862,758313,1711318
762,0.739815117,2483880,26281817
763,0.739820736,14747773,21393536
763,0.739894347,2483880,5875196
758,0.739928304,238543,876021
765,0.739965112,144230,1553624
743,0.739986452,144230,951968
771,0.740015681,177831,4294732
756,0.740033386,2328351,21393536
775,0.740061595,10733167,19676866
751,0.740117506,876021,951968
747,0.740155566,724166,1330950
764,0.740155908,1964181,21393536
755,0.740160546,724166,2570699
762,0.740188446,1711318,2669471
768,0.740207847,15110667,20645879
763,0.740222607,3460843,25362190
771,0.740251428,188019,19378289
755,0.740259394,901472,25362190
772,0.740287171,672266,20411819
758,0.740308774,34156,799305
755,0.740319749,144230,1330950
747,0.740333623,1140297,1940900
763,0.740341389,2622260,25362190
755,0.74038393,876021,1184397
761,0.740398277,453751,20440192
759,0.740412179,95587,25362190
751,0.740458624,2570699,14415072
755,0.740468359,108019,1940900
756,0.740519756,285606,1140297
767,0.740579535,454303,9114042
773,0.740611801,177831,22917429
762,0.740613237,133226,352610
760,0.740679361,208354,534017
761,0.740701971,14080464,20440192
757,0.740718643,25362190,26561494
772,0.740726335,1030683,1847105
752,0.740728661,172656,1568320
773,0.740748316,672266,6442183
756,0.740765599,528773,1339206
760,0.74077405,378946,25362190
759,0.740786917,177831,17949966
768,0.740844506,1184397,1849426
769,0.74086392,1849426,2535732
765,0.740865682,1497561,1568320
766,0.740902313,390025,1240511
762,0.740926389,390025,770063
761,0.740926672,534017,1339206
766,0.740942666,19676866,20645879
760,0.740981176,799305,1039457
765,0.740985915,1083527,1339206
737,0.740997625,787615,951968
769,0.741001527,2512513,25362190
760,0.741011835,479681,799305
758,0.741018111,876454,902933
753,0.741071784,227353,1339206
761,0.741082853,144230,170212
771,0.741084688,1964181,20440192
770,0.74108666,1497561,4783913
745,0.741108081,104902,1184397
767,0.741136933,1659137,20440192
768,0.741156724,1553624,14415072
767,0.74117723,7782049,10355638
762,0.741249918,16260227,25362190
754,0.741250069,1408989,25362190
752,0.741251256,2859500,7782049
758,0.741251284,1339206,2570699
773,0.741324452,454303,2647782
767,0.741333917,672266,22879123
767,0.741338229,26281817,30274890